100	GS_BASE
101	GT_PING_REQ
102	GT_PING_ACK
103	GE_LOGOUT_REQ
104	GE_LOGOUT_ACK
105	GL_USERLIST_REQ
106	GL_USERLIST_ACK
107	GL_GAMEROOMINFO_REQ
108	GL_GAMEROOMINFO_ACK
109	GL_ROOMINFOCHANGE_REQ
110	GL_ROOMINFOCHANGE_ACK
111	GL_MAKEROOM_REQ
112	GL_MAKEROOM_ACK
113	GL_ENTERROOM_REQ
114	GL_ENTERROOM_ACK
115	GL_ADDUSER_REQ
116	GL_ADDUSER_ACK
117	GL_DELETEUSER_REQ
118	GL_DELETEUSER_ACK
119	GL_CHATTING_REQ
120	GL_CHATTING_ACK
121	GR_MAPCHANGE_REQ
122	GR_MAPCHANGE_ACK
123	GR_LEAVE_REQ
124	GR_LEAVE_ACK
125	GR_CHATTING_REQ
126	GR_CHATTING_ACK
127	GR_READY_REQ
128	GR_READY_ACK
129	GR_START_REQ
130	GR_START_ACK
131	GR_FORCEOUT_REQ
132	GR_FORCEOUT_ACK
133	GR_END_REQ
134	GR_END_ACK
135	GR_CHANGESLOT_REQ
136	GR_CHANGESLOT_ACK
137	GR_STARTTIME_REQ
138	GR_STARTTIME_ACK
139	GG_EXITGAME_REQ
140	GG_EXITGAME_ACK
141	PM_CONNECT_REQ
142	PM_CONNECT_ACK
143	PM_UDPSTART_REQ
144	PM_UDPSTART_ACK
145	PM_MASTER_REQ
146	PM_MASTER_ACK
147	PM_ID_REQ
148	PM_ID_ACK
149	PM_LOGOUT_REQ
150	PM_LOGOUT_ACK
151	PM_CH_SERVER_REQ
152	PM_CH_SERVER_ACK
153	UDP_ALL_PING_REQ
154	UDP_ALL_PING_ACK
155	Y_UDP_C_HOLE_INF
156	Y_UDP_S_HOLE_INF
157	UDP_TCP_DEAD_REQ
158	UDP_TCP_DEAD_ACK
159	TCP_UDP_DEAD_REQ
160	TCP_UDP_DEAD_ACK
161	UDP_TCP_LIVE_REQ
162	UDP_TCP_LIVE_ACK
163	TCP_UDP_LIVE_REQ
164	TCP_UDP_LIVE_ACK
165	Y_TCP_INF_REQ
166	Y_TCP_INF_ACK
167	GR_CHANGEUSER_REQ
168	GR_CHANGEUSER_ACK
169	GR_RULECHANGE_REQ
170	GR_RULECHANGE_ACK
171	GR_WINCHANGE_REQ
172	GR_WINCHANGE_ACK
173	GR_TIMECHANGE_REQ
174	GR_TIMECHANGE_ACK
175	GR_ITEMCHANGE_REQ
176	GR_ITEMCHANGE_ACK
177	GR_AUTOCHANGE_REQ
178	GR_AUTOCHANGE_ACK
179	GS_STOREOK_REQ
180	GS_STOREOK_ACK
181	GL_ENTERSTARTROOM_REQ
182	GL_ENTERSTARTROOM_ACK
183	GR_ENDLOADING_REQ
184	GR_ENDLOADING_ACK
185	GR_JOINGAME_REQ
186	GR_JOINGAME_ACK
187	GG_STARTGAME_REQ
188	GG_STARTGAME_ACK
189	GR_CHANGEMASTER_REQ
190	GR_CHANGEMASTER_ACK
191	GR_CALLUSER_REQ
192	GR_CALLUSER_ACK
193	GC_CHANNEL_REQ
194	GC_CHANNEL_ACK
195	GC_ENTERCHANNEL_REQ
196	GC_ENTERCHANNEL_ACK
197	GL_MYINFO_REQ
198	GL_MYINFO_ACK
199	GL_MYITEM_REQ
200	GL_MYITEM_ACK
201	GL_MYPARTSUP_ACK
202	GL_EXPIRE_PARTSUP_ACK
204	GS_BUYITEM_REQ
205	GS_BUYITEM_ACK
207	GS_BUY_WEAPONPARTS_ACK
208	GS_SELLITEM_REQ
209	GS_SELLITEM_ACK
210	GM_CHECKNICK_REQ
211	GM_CHECKNICK_ACK
212	GM_CREATENICK_REQ
213	GM_CREATENICK_ACK
214	GM_CREATECHAR_REQ
215	GM_CREATECHAR_ACK
216	GL_ENTERROOMPASS_REQ
217	GL_ENTERROOMPASS_ACK
218	GI_CHANGEDATA_REQ
219	GI_CHANGEDATA_ACK
220	GI_CHANGEWP_REQ
221	GI_CHANGEWP_ACK
222	GP_CHPLAYC_REQ
223	GP_CHPLAYC_ACK
224	GP_CHROUNDC_REQ
225	GP_CHROUNDC_ACK
226	GP_CHDISC_REQ
227	GP_CHDISC_ACK
228	GP_CHWINC_REQ
229	GP_CHWINC_ACK
230	GP_CHLOSSC_REQ
231	GP_CHLOSSC_ACK
232	GP_CHKILLC_REQ
233	GP_CHKILLC_ACK
234	GP_CHDEADC_REQ
235	GP_CHDEADC_ACK
236	GP_CHHEADSC_REQ
237	GP_CHHEADSC_ACK
238	GP_CHACOMBOC_REQ
239	GP_CHACOMBOC_ACK
240	GP_CHHEARTC_REQ
241	GP_CHHEARTC_ACK
242	GP_CHDKILLC_REQ
243	GP_CHDKILLC_ACK
244	GP_CHTKILLC_REQ
245	GP_CHTKILLC_ACK
246	GL_CLIENTINFO_REQ
247	GL_CLIENTINFO_ACK
248	GR_CLIENTINFO_REQ
249	GR_CLIENTINFO_ACK
250	GL_LOBBYIN_REQ
251	GL_LOBBYIN_ACK
252	GL_SHOPIN_REQ
253	GL_SHOPIN_ACK
254	GL_INVENIN_REQ
255	GL_INVENIN_ACK
256	GL_ENTERROOMOB_REQ
257	GL_ENTERROOMOB_ACK
258	GR_LEAVEOB_REQ
259	GR_LEAVEOB_ACK
260	GL_JOIN_REQ
261	GL_JOIN_ACK
262	GL_JOINPASS_REQ
263	GL_JOINPASS_ACK
264	GL_JOININFO_REQ
265	GL_JOININFO_ACK
266	GL_JOINGAME_REQ
267	GL_JOINGAME_ACK
268	GL_JOINPLAY_REQ
269	GL_JOINPLAY_ACK
270	GL_MYINFO_OPEN
271	PM_TSPOSUPDATE_REQ
272	PM_TSPOSUPDATE_ACK
273	GR_TSTARTPOS_REQ
274	GR_TSTARTPOS_ACK
275	MASTER_MEMO_REQ
276	MASTER_MEMO_ACK
277	MASTER_MEMOALL_REQ
278	MASTER_MEMOALL_ACK
279	MASTER_USERCUT_REQ
280	MASTER_USERCUT_ACK
281	MASTER_USERCUT2_REQ
282	MASTER_USERCUT2_ACK
283	MASTER_ROOMCUT_REQ
284	MASTER_ROOMCUT_ACK
285	MASTER_MSET_REQ
286	MASTER_MSET_ACK
287	MASTER_PRINTUSER_REQ
288	MASTER_PRINTUSER_ACK
289	MASTER_USERINFO_REQ
290	MASTER_USERINFO_ACK
291	MASTER_LISTCUT_REQ
292	MASTER_LISTCUT_ACK
293	MASTER_USERINFODB_REQ
294	MASTER_USERINFODB_ACK
296	GS_GIVEGIFT_REQ
297	GS_GIVEGIFT_ACK
298	GS_TAKEGIFT_REQ
299	GS_TAKEGIFT_ACK
300	GS_MOVEGIFT_REQ
301	GS_MOVEGIFT_ACK
302	GG_JJCREATE_REQ
303	GG_JJCREATE_ACK
304	GG_JJCHANGE_REQ
305	GG_JJCHANGE_ACK
306	GG_JJGET_REQ
307	GG_JJGET_ACK
308	GG_JJGAMEEND_REQ
309	GG_JJGAMEEND_ACK
310	GS_BUYCHAR_REQ
311	GS_BUYCHAR_ACK
312	GI_CHANGESLOT_REQ
313	GI_CHANGESLOT_ACK
314	GS_MOVEONEGIFT_REQ
315	GS_MOVEONEGIFT_ACK
316	GG_HACKSTART_REQ
317	GG_HACKSTART_ACK
318	GG_HACKSUCC_REQ
319	GG_HACKSUCC_ACK
320	GG_HACKFAIL_REQ
321	GG_HACKFAIL_ACK
322	GG_BOMBSUCC_REQ
323	GG_BOMBSUCC_ACK
324	GG_BOMBEND_REQ
325	GG_BOMBEND_ACK
326	GG_UNHACKSTART_REQ
327	GG_UNHACKSTART_ACK
328	GG_UNHACKSUCC_REQ
329	GG_UNHACKSUCC_ACK
330	GG_UNHACKFAIL_REQ
331	GG_UNHACKFAIL_ACK
332	GG_KILLJJ_REQ
333	GG_KILLJJ_ACK
334	GG_SEEDKEY_REQ
335	GG_SEEDKEY_ACK
336	GG_UNIQUEKEY_REQ
337	GG_UNIQUEKEY_ACK
338	GG_DETECTCRACK_REQ
339	GG_DETECTCRACK_ACK
340	GR_KILLCHANGE_REQ
341	GR_KILLCHANGE_ACK
342	GG_SOLORESPON_REQ
343	GG_SOLORESPON_ACK
344	GG_LIVECHAT_REQ
345	GG_LIVECHAT_ACK
346	GG_TEAMCHAT_REQ
347	GG_TEAMCHAT_ACK
348	GG_DEADCHAT_REQ
349	GG_DEADCHAT_ACK
350	GG_TEAMDEADCHAT_REQ
351	GG_TEAMDEADCHAT_ACK
352	GG_LEVELJJ_REQ
353	GG_LEVELJJ_ACK
354	MASTER_UPITEM_REQ
355	MASTER_UPITEM_ACK
356	GS_CASH_REQ
357	GS_CASH_ACK
358	GS_BUYCASHITEM_REQ
359	GS_BUYCASHITEM_ACK
360	GG_TSURRESPON_REQ
361	GG_TSURRESPON_ACK
362	GP_CHCRITICALC_REQ
363	GP_CHCRITICALC_ACK
364	GR_BALANCECHANGE_REQ
365	GR_BALANCECHANGE_ACK
368	GR_TEAMSHUFFLECHANGE_REQ
369	GR_TEAMSHUFFLECHANGE_ACK
370	GL_CHANGECHANNEL_REQ
371	GL_CHANGECHANNEL_ACK
372	GR_ALLCRYSTAL_REQ
373	GR_ALLCRYSTAL_ACK
374	GR_GETCRYSTAL_REQ
375	GR_GETCRYSTAL_ACK
376	GR_RECRYSTAL_REQ
377	GR_RECRYSTAL_ACK
378	GR_RADIOMSG_REQ
379	GR_RADIOMSG_ACK
380	GP_CHMKILLC_REQ
381	GP_CHMKILLC_ACK
382	GP_CHUKILLC_REQ
383	GP_CHUKILLC_ACK
384	GP_CHZKILLC_REQ
385	GP_CHZKILLC_ACK
386	GP_CHKKILLC_REQ
387	GP_CHKKILLC_ACK
388	GP_CHDDKILLC_REQ
389	GP_CHDDKILLC_ACK
390	GL_DELETEITEM_REQ
391	GL_DELETEITEM_ACK
392	GL_CHANGEID_REQ
393	GL_CHANGEID_ACK
394	MASTER_ROOMINFO_REQ
395	MASTER_ROOMINFO_ACK
396	PM_KICKUSER_REQ
397	PM_KICKUSER_ACK
398	MASTER_SVRCLASS_REQ
399	MASTER_SVRCLASS_ACK
400	MASTER_CONNTYPE_REQ
401	MASTER_CONNTYPE_ACK
402	MASTER_EVENTPAGE_REQ
403	MASTER_EVENTPAGE_ACK
404	MASTER_EVENTEXP_REQ
405	MASTER_EVENTEXP_ACK
406	MASTER_ENABLE_LOGIN
407	MASTER_DISABLE_LOGIN
408	MASTER_DISBILL_REQ
409	MASTER_DISBILL_ACK
410	MASTER_DISLOGIN_REQ
411	MASTER_DISLOGIN_ACK
412	MASTER_DISGMS_REQ
413	MASTER_DISGMS_ACK
414	MASTER_DISLOG_REQ
415	MASTER_DISLOG_ACK
416	MASTER_KILLALL_REQ
418	MASTER_RESETTCPGROUPINFO_REQ
419	GL_MSG_ADD_REQ
420	GL_MSG_ADD_ACK
421	GL_MSG_DEL_REQ
422	GL_MSG_DEL_ACK
423	GL_MSG_READ_REQ
424	GL_MSG_READ_ACK
425	GL_MSG_RECVLIST_REQ
426	GL_MSG_RECVLIST_ACK
427	GL_MSG_SENDLIST_REQ
428	GL_MSG_SENDLIST_ACK
429	GL_FRIEND_ADD_REQ
430	GL_FRIEND_ADD_ACK
431	GL_FRIEND_DEL_REQ
432	GL_FRIEND_DEL_ACK
433	GL_FRIEND_LIST_REQ
434	GL_FRIEND_LIST_ACK
435	GL_FRIEND_INFO_REQ
436	GL_FRIEND_INFO_ACK
437	GG_ROOMBROADCAST_REQ
438	GG_ROOMBROADCAST_ACK
439	GL_FRIEND_CHAT_REQ
440	GL_FRIEND_CHAT_ACK
441	GL_FRIEND_WHERE_REQ
442	GL_FRIEND_WHERE_ACK
443	GG_STEALSUCK_REQ
444	GG_STEALSUCK_ACK
445	GG_STEALPUSH_REQ
446	GG_STEALPUSH_ACK
447	GG_STEALCOLORS_REQ
448	GG_STEALCOLORS_ACK
449	GG_STEALRESPON_REQ
450	GG_STEALRESPON_ACK
451	GS_NEWGIFT_REQ
452	GS_NEWGIFT_ACK
453	GS_DELETEGIFT_REQ
454	GS_DELETEGIFT_ACK
455	GG_EXERCISERESPON_REQ
456	GG_EXERCISERESPON_ACK
457	GI_CHANGEITEMSLOT_REQ
458	GI_CHANGEITEMSLOT_ACK
459	GC_CHANGECHANNEL_REQ
460	GC_CHANGECHANNEL_ACK
461	GS_USE_PAPERCODEGIFT_REQ
462	GS_USE_PAPERCODEGIFT_ACK
463	GS_ENTERPAPERCODEGIFT_NOTIFY
464	GS_USE_PAPERCODEGIFT_IGNORE_DUPLICATED_ITEM_REQ
465	GS_USE_PAPERCODEGIFT_IGNORE_DUPLICATED_ITEM_ACK
466	GI_CHANGE_SKILLITEMSLOT_REQ
467	GI_CHANGE_SKILLITEMSLOT_ACK
468	GS_BUY_HUKUBUKURO_REQ
469	GS_BUY_HUKUBUKURO_ACK
470	GS_GET_HUKUBUKURO_REQ
471	GS_GET_HUKUBUKURO_ACK
472	GL_GAMECENTER_REC_REQ
473	GL_GAMECENTER_REC_ACK
474	GG_GAMECENTER_GAME_START_REQ
475	GG_GAMECENTER_GAME_START_ACK
476	GG_GAMECENTER_GAME_END_REQ
477	GG_GAMECENTER_GAME_END_ACK
478	GG_GAMECENTER_GAME_PLAY_CHECK_REQ
479	GG_GAMECENTER_GAME_PLAY_CHECK_ACK
480	GG_GAMECENTER_RANKING_REQ
481	GG_GAMECENTER_RANKING_ACK
482	GL_GAMECENTER_COIN_CHANGED_ACK
483	GG_GAMECENTER_GAME_START_OK_REQ
484	GG_GAMECENTER_GAME_START_OK_ACK
485	GL_GET_GAMEROOM_PROGRESSTIME_REQ
486	GL_GET_GAMEROOM_PROGRESSTIME_ACK
560	GV_VIEWER_BASE
561	GV_ROOMDUMP_REQ
562	GV_ROOMDUMP_ACK
563	GV_USERDUMP_REQ
564	GV_USERDUMP_ACK
565	GV_AUTHORIZE_REQ
566	GV_AUTHORIZE_ACK
567	GV_HACKBLOCK_REQ
568	GV_HACKBLOCK_ACK
569	GV_HACKCLEAR_REQ
570	GV_HACKCLEAR_ACK
571	GV_TEST_REQ
572	GV_TEST_ACK
580	GC_CLAN_BASE
581	GC_CLAN_START_REQ
582	GC_CLAN_START_ACK
583	GC_CLAN_PROTOCOL_REQ
584	GC_CLAN_PROTOCOL_ACK
585	GC_CLAN_CREATE_REQ
586	GC_CLAN_CREATE_ACK
587	GC_CLAN_GAMEEND_RESULT_NOTIFY
680	GL_LOGIN_BASE
681	GL_LOGIN_ACK
682	GL_LOGIN_REQ
683	GL_SERVERLIST_NOTICE
684	GL_LOGIN_DUPLICATE
685	GL_TUTORIALINDEX_REQ
686	GL_TUTORIALINDEX_ACK
687	GL_TUTORIAL_START
688	GL_TUTORIAL_END
689	GL_TUTORIAL_INDEX_SET_REQ
690	GL_TUTORIAL_INDEX_SET_ACK
691	GL_ITEM_MODIFY_NOTIFIER
692	GG_CP_TERMINATE_APP
693	GL_TCPCONNSUCC
694	GL_ACCOUNTCONNSUCC
695	GS_BUY_ONCEITEM_REQ
696	GS_BUY_ONCEITEM_ACK
697	GG_CHEATER_REPORT_REQ
698	GP_ENTER_PEPACHI_REQ
699	GP_ENTER_PEPACHI_ACK
700	GP_START_GAME_REQ
701	GP_START_GAME_ACK
702	GP_PEPACHI_LIST_REQ
703	GP_PEPACHI_LIST_ACK
704	GL_LEVEL_KILL_LIMIT_REQ
705	GL_LEVEL_KILL_LIMIT_ACK
706	GL_BILLTOKEN_REQ
707	GL_BILLTOKEN_ACK
708	GL_CHECKCASHPG_REQ
709	GL_CHECKCASHPG_ACK
710	GL_RESERVECHANGENICK_REQ
711	GL_RESERVECHANGENICK_ACK
712	GR_NOSKILL_REQ
713	GR_NOSKILL_ACK
714	GG_INVALIDWPDATA_REQ
715	GG_INVALIDWPDATA_ACK
716	GG_CHANGEWPQUICKSLOT_REQ
717	GG_CHANGEWPQUICKSLOT_ACK
718	GR_START_VOTING_REQ
719	GR_START_VOTING_ACK
720	GR_START_VOTING
721	GR_DO_VOTING
722	GR_VOTING_RESULT
723	GR_END_RESULT
724	GL_COMBISKILLITEM_REQ
725	GL_COMBISKILLITEM_ACK
726	GG_OBSERVERCHAT_REQ
727	GG_OBSERVERCHAT_ACK
728	GR_OBSERVERCHAT_REQ
729	GR_OBSERVERCHAT_ACK
730	GG_GETPULP_REQ
731	GG_GETPULP_ACK
732	GG_DROPPULP_ACK
733	GG_SPAWNPULP_REQ
734	GG_SPAWNPULP_ACK
735	GG_RESPAWNPULP_ACK
736	GG_PULPSTEAL_REQ
737	GG_DESTROY_START_REQ
738	GG_DESTROY_START_ACK
739	GG_DESTROY_SUCC_REQ
740	GG_DESTROY_SUCC_ACK
741	GG_DESTROY_FAIL_REQ
742	GG_DESTROY_FAIL_ACK
743	GG_TIMEOVER_CHANGE
744	GG_MAGIC_GAUGE_CHANGE
745	GG_DEFENSE_REWARD_NOTICE
746	GG_PNR_RESPON_REQ
747	GG_PNR_RESPON_ACK
748	GR_SELECTRANDOMMAP_ACK
749	GG_GIMMICK_DAMAGE_REQ
750	GG_GIMMICK_DAMAGE_ACK
751	GG_GIMMICK_RESPON_ACK
752	GG_MAPINFO_RELOAD_REQ
753	GG_GIMMICKINFO
754	GG_PNR_OB_MODE_END
755	GG_SYNC_TIME
756	GL_CLAN_TNMT_RECEIPT_REQ
757	GL_CLAN_TNMT_RECEIPT_ACK
758	GL_CLAN_TNMT_RECEIPT_CANCEL_REQ
759	GL_CLAN_TNMT_RECEIPT_CANCEL_ACK
760	GC_CLAN_TNMT_RECEIPT_OK_NOTICE_ACK
761	GC_CLAN_TNMT_RECEIPT_CANCEL_NOTICE_ACK
762	GL_CLAN_TNMT_CURRENT_STATE_NOTICE_REQ
763	GL_CLAN_TNMT_CURRENT_STATE_NOTICE_ACK
764	GL_CLAN_TNMT_ENTERROOM_REQ
765	GL_CLAN_TNMT_ENTERROOM_ACK
766	GL_CLAN_TNMT_ROUND_END_NOTIFY
767	GL_CLAN_TNTM_AWARD_INFO_REQ
768	GL_CLAN_TNTM_AWARD_INFO_ACK
769	GR_CLAN_TNMT_ROUND_START_COUNTER
770	GL_CLAN_TNMT_CHANGE_STATE_START_COUNTER
771	GL_CLAN_TNMT_ALL_INFO_REQ
772	GL_CLAN_TNMT_ALL_INFO_ACK
773	MASTER_RELOAD_TNMT_REQ
774	MASTER_RELOAD_TNMT_ACK
775	GL_CLAN_TNMT_BROADCAST_TNMT_STATE_NOTIFY
776	GL_CLAN_TNMT_CLANREC_REQ
777	GL_CLAN_TNMT_CLANREC_ACK
778	GR_CLAN_TNMT_PREVENT_ENTER_ROOM_NOTIFY
779	GL_CLAN_TNMT_CHANGE_CLAN_INFO_NOTIFY
780	GS_GET_PRESENTPACKAGE_REQ
781	GS_GET_PRESENTPACKAGE_ACK
782	GL_RECEIVE_NEW_MSG
783	GL_NEW_MSG_COUNT_REQ
784	GL_NEW_MSG_COUNT_ACK
785	GL_FRIEND_ADD_PROCESS_REQ
786	GL_FRIEND_ADD_PROCESS_ACK
787	GL_RACKINGWEB_TOKEN_REQ
788	GL_RACKINGWEB_TOKEN_ACK
789	MASTER_TEST_COMMAND_REQ
790	MASTER_TEST_COMMAND_ACK
791	GL_VOICEITEMSLOT_REQ
792	GL_VOICEITEMSLOT_ACK
793	GI_VOICEITEMSLOT_ALL_REQ
794	GI_VOICEITEMSLOT_ALL_ACK
795	GI_CHANGE_VOICEITEMSLOT_REQ
796	GI_CHANGE_VOICEITEMSLOT_ACK
797	SECURITY_AHNLAB_RESPONSE_REQ
798	SECURITY_AHNLAB_RESPONSE_ACK
799	GT_CRITICAL_ERROR_REPORT
800	MASTER_XTRAP_RELOAD
801	GT_WEAPON_ERROR_REPORT
802	GS_DESTROYITEM_REQ
803	GS_DESTROYITEM_ACK
804	MASTER_RELOAD_HIDDEN_ITEM_LIST_REQ
805	MASTER_RELOAD_HIDDEN_ITEM_LIST_ACK
806	GS_HIDDEN_ITEM_LIST_REQ
807	GS_HIDDEN_ITEM_LIST_ACK
808	GS_GET_RECOMMENDSET_INFO_REQ
809	GS_GET_RECOMMENDSET_INFO_ACK
810	GS_HIDDENMAP_LIST_ACK
811	GR_PROBABILITY_APPLY_NOTIFY
812	MASTER_SPECIAL_ABILITY_ITEMSLOT_PROBABILITY_APPLY_REQ
813	MASTER_SPECIAL_ABILITY_ITEMSLOT_PROBABILITY_APPLY_ACK
814	MASTER_CHECK_BOMB_CHEATER_APPLY_REQ
815	MASTER_CHECK_BOMB_CHEATER_APPLY_ACK
816	GL_ADDICTION_PREVENT_ALARM
817	GC_NPGAMEGUARD_QUERY_REQ
818	GC_NPGAMEGUARD_QUERY_ACK
819	MASTER_CHECK_NPGAMEGUARD_QUERY_REQ
820	GG_CHATTING_PENALTY_REPORT_REQ
821	GG_CHATTING_PENALTY_REPORT_ACK
822	MASTER_CHAT_BAN_REQ
823	MASTER_CHAT_BAN_ACK
824	MASTER_USERLIST_REQ
825	MASTER_LOBBY_USERLIST_ACK
826	MASTER_ROOM_USERLIST_ACK
830	MASTER_CHAT_FORCE_BAN_REQ
831	MASTER_RESET_PACKET_DELAY_ALLOW_TIME_SEC_REQ
832	MASTER_RESET_PACKET_DELAY_ALLOW_TIME_SEC_ACK
833	GG_NETWORKERROR_NOTIFY
834	GL_DATA_RECV_COMPLETED_REQ
835	GL_DATA_RECV_COMPLETED_ACK
836	GL_SHOUTCHAT_REQ
837	GL_SHOUTCHAT_ACK
838	GR_CLAN_JOIN_RECOMMAND_REQUEST_REQ
839	GR_CLAN_JOIN_RECOMMAND_REQUEST_ACK
840	GR_CLAN_JOIN_RECOMMAND_REQUESTED_REQ
841	MASTER_SETALL_EVENTEXP_REQ
842	MASTER_SETALL_EVENTEXP_ACK
843	MASTER_SETALL_EVENTPAGE_REQ
844	MASTER_SETALL_EVENTPAGE_ACK
845	MASTER_VIEWALL_EVENTSTATE_REQ
846	MASTER_VIEWALL_EVENTSTATE_ACK
847	GR_NETCAFEWEAPONINFO_NOTIFY
848	GR_NETCAFEWEAPON_DISABLE_NOTIFY
849	MASTER_TNMT_VIEW_STATE_REQ
850	MASTER_TNMT_VIEW_STATE_ACK
855	GL_MYWAREHOUSEINFO_REQ
856	GL_MYWAREHOUSEINFO_ACK
857	GL_MYWAREHOUSEITEMLIST_REQ
858	GL_MYWAREHOUSEITEMLIST_ACK
859	GL_PUSH_TO_WAREHOUSE_REQ
860	GL_PUSH_TO_WAREHOUSE_ACK
861	GL_POP_TO_WAREHOSUE_REQ
862	GL_POP_TO_WAREHOSUE_ACK
863	GL_CHANGED_WAREHOUSEINFO_ACK
864	GL_SERVER_DATETIME_REQ
865	GL_SERVER_DATETIME_ACK
866	GQ_QUEST_LIST_ACK
867	GQ_QUEST_ACCEPT_REQ
868	GQ_QUEST_ACCEPT_ACK
869	GQ_QUEST_CANCEL_REQ
870	GQ_QUEST_CANCEL_ACK
871	GQ_QUEST_SUCCESS_REQ
872	GQ_QUEST_SUCCESS_ACK
873	GQ_QUEST_COMPLETE_REQ
874	GQ_QUEST_COMPLETE_ACK
875	GQ_QUEST_CHANGEDSTATE_ACK
876	GQ_QUEST_ACCEPT_DAILY_REQ
877	GQ_QUEST_ACCEPT_DAILY_ACK
878	GQ_QUEST_USER_COMPLETE_HONOR_REQ
879	GQ_QUEST_USER_COMPLETE_HONOR_ACK
881	GQ_QUEST_CURRENTITEMQUEST_ACK
882	GP_CHPLAYTIMEC_ACK
883	MASTER_FIND_USER_REQ
884	MASTER_FIND_USER_ACK
885	MASTER_PLAY_WITH_REQ
886	MASTER_PLAY_WITH_ACK
887	GX_XIGNCODE_DATA_REQ
888	GX_XIGNCODE_DATA_ACK
889	GX_XIGNCODE_DATA_BAN_NOTIFY
890	GC_QUERY_CLANRANKING_REQ
891	GC_QUERY_CLANRANKING_ACK
892	MASTER_RELOAD_CLANRANKING_REQ
893	MASTER_RELOAD_CLANRANKING_ACK
894	GR_TEAMSHUFFLE_REQ
895	GR_TEAMSHUFFLE_ACK
900	GS_CAPSULEMACHINE_START_REQ
901	GS_CAPSULEMACHINE_START_ACK
902	GG_OCC_START_REQ
903	GG_OCC_START_ACK
904	GG_OCC_SUCC_REQ
905	GG_OCC_SUCC_ACK
906	GG_OCC_FAIL_REQ
907	GG_OCC_FAIL_ACK
908	GG_OCC_AB_SUCC_NOTIFY
909	GG_OCC_RESPON_REQ
910	GG_OCC_RESPON_ACK
911	GL_SCHEDULED_GM_NOTICE_NOTIFY
912	GL_WEAPONPARTS_EQUIP_CHANGE_REQ
913	GL_WEAPONPARTS_EQUIP_CHANGE_ACK
917	GR_AI_NEXTWAVE_NOTIFY
918	GR_AI_GET_REWARD_ITEM_REQ
919	GR_AI_GET_REWARD_ITEM_ACK
920	GR_AI_GET_REWARD_ITEM_RESULT_NOTIFY
921	GR_AI_APPEARED_BOT_NOTIFY
922	GR_AI_DAMAGE_SHIELD_REQ
923	GR_AI_DAMAGE_SHIELD_ACK
924	GR_AI_RECHARGE_MAGAZINE_START_REQ
925	GR_AI_RECHARGE_MAGAZINE_START_ACK
926	GR_AI_RECHARGE_MAGAZINE_END_REQ
927	GR_AI_RECHARGE_MAGAZINE_END_ACK
928	GR_AI_CONTINUE_START_REQ
929	GR_AI_CONTINUE_START_ACK
934	GR_AI_TEAMSCORE_NOTIFY
935	GR_AI_FEVER_START_REQ
936	GR_AI_FEVER_START_ACK
937	GR_AI_FEVER_END_NOTIFY
938	GR_AI_WAVE_END_NOTIFY
939	GR_AI_GO_NEXT_WAVE_REQ
940	GR_AI_GO_NEXT_WAVE_ACK
941	MASTER_GO_AI_MULTI_WAVE_DIRECTLY_REQ
942	GR_AI_REWARDITEM_SELECT_START_NOTIFY
943	GR_AI_REWARDITEM_NEXTTURN_NOTIFY
944	GR_RESET_GAMEROOMSLOT_REQ
945	GR_RESET_GAMEROOMSLOT_ACK
959	GG_DROPWEAPON_CREATE_NOTIFY
960	GG_DROPWEAPON_DESTROY_NOTIFY
961	GG_DROPWEAPON_INFO_NOTIFY
962	GG_DROPWEAPON_GET_AND_DROP_REQ
963	GG_DROPWEAPON_GET_AND_DROP_ACK
964	GG_GET_BALL_REQ
965	GG_GET_BALL_ACK
966	GG_RESPAWN_BALL_ACK
967	GG_GET_GOAL_REQ
968	GG_GET_GOAL_ACK
971	GG_SOCCER_RESPON_REQ
972	GG_SOCCER_RESPON_ACK
974	GG_SOCCERBALL_HAVE_INCREASE_PG_ACK
983	GL_MATCHINGROOM_MAKE_REQ
984	GL_MATCHINGROOM_MAKE_ACK
985	GL_ENTERMATCHINGROOM_ACK
986	GR_MATCHINGROOM_START_ACK
987	GR_MATCHINGSUCCESS_ACK
988	GL_MATCHINGROOM_CANCLE_REQ
989	GL_MATCHINGROOM_CANCLE_ACK
994	GG_ASSISTPOINT_NOTIFY
